google-analytics-certification-answers,14810/google-analytics-certification
google-analytics-individual-qualification-answers,8049/google-analytics-individual-qualification
google-ads-video-certification-answers,7633/google-ads-video-certification
google-ads-display-certification-answers,8696/google-ads-display-certification
google-ads-search-certification-answers,8692/google-ads-search-certification
shopping-advertising-certification-answers,9348/ai-powered-shopping-ads-certification
google-ads-measurement-certification-answers,12747/google-ads-measurement-certification
google-ads-apps-assessment-answers,17287/google-ads-apps-certification
display-video-360-certification-exam-answers,14403/display-video-360-certification-exam
google-ads-creative-exam-answers,8992/google-ads-creative-certification
grow-offline-sales-certification-answers,8542/grow-offline-sales-certification
google-ads-ai-powered-performance-ads-answers,8510/ai-powered-performance-ads-certification
campaign-manager-certification-answers,12987/campaign-manager-360-certification-exam
youtube-music-rights-management-certification-answers,73995-youtube-music-rights-management-certification
youtube-music-assessment-answers,13996-youtube-music-certification